,City,Lat,Lng,Max Temp,Humidity,Cloudiness,Wind Speed,Country,Date
0,busselton,-33.65,115.3333,60.01,63,26,4.0,AU,1620801230
1,canazas,8.3167,-81.2167,74.59,92,99,2.39,PA,1620801230
2,verkhoyansk,67.5447,133.385,33.89,56,100,8.1,RU,1620801231
3,ribas do rio pardo,-20.4431,-53.7592,62.96,74,89,4.63,BR,1620801231
4,iqaluit,63.7506,-68.5145,26.6,93,75,8.05,CA,1620800660
5,rikitea,-23.1203,-134.9692,77.49,79,39,23.35,PF,1620801231
6,loandjili,-4.7561,11.8578,77.0,88,75,4.61,CG,1620801232
7,capitan meza,-27.0167,-55.5667,53.6,82,0,8.05,PY,1620801232
8,ushuaia,-54.8,-68.3,48.2,66,20,17.27,AR,1620801233
9,bredasdorp,-34.5322,20.0403,57.2,82,79,8.05,ZA,1620801233
10,adrar,20.5022,-10.0711,78.46,13,1,11.88,MR,1620801233
11,georgetown,5.4112,100.3354,89.6,74,40,10.36,MY,1620801234
12,apastepeque,13.6667,-88.7833,80.6,78,40,4.61,SV,1620801234
13,vaini,-21.2,-175.2,75.2,73,40,9.22,TO,1620801235
14,powell,40.1578,-83.0752,39.99,75,1,4.61,US,1620801235
15,dikson,73.5069,80.5464,30.07,87,98,17.16,RU,1620801235
16,katherine,-14.4667,132.2667,89.6,22,0,12.66,AU,1620801236
17,narsaq,60.9167,-46.05,37.4,52,75,4.61,GL,1620801237
18,ponta do sol,32.6667,-17.1,57.99,71,100,4.0,PT,1620801237
19,russell,32.3502,-85.1999,68.0,94,90,3.22,US,1620801237
20,hobyo,5.3505,48.5268,83.59,68,100,16.73,SO,1620801238
21,bluff,-46.6,168.3333,44.01,78,11,1.99,NZ,1620801238
22,trujillo,-8.116,-79.03,65.61,84,1,3.83,PE,1620801173
23,ous,60.9058,61.5186,59.04,55,100,6.8,RU,1620801239
24,cape town,-33.9258,18.4232,55.99,88,20,2.3,ZA,1620801239
25,punta arenas,-53.15,-70.9167,44.6,81,40,10.36,CL,1620801239
26,vajszlo,45.8596,17.9841,64.4,63,75,12.66,HU,1620801240
27,tagusao,9.1924,117.8141,87.42,67,77,5.1,PH,1620801240
28,albany,42.6001,-73.9662,46.0,70,11,1.01,US,1620800946
29,jacareacanga,-6.2222,-57.7528,74.25,90,98,0.67,BR,1620801241
30,saint-philippe,-21.3585,55.7679,82.4,69,0,12.66,RE,1620801241
31,namibe,-15.1961,12.1522,76.21,54,2,4.72,AO,1620801242
32,lorengau,-2.0226,147.2712,76.84,91,100,2.35,PG,1620801242
33,chadiza,-14.0678,32.4392,66.25,63,6,8.41,ZM,1620801242
34,bongor,10.2806,15.3722,91.2,38,20,8.03,TD,1620801243
35,rundu,-17.9333,19.7667,64.04,37,0,7.07,NA,1620801243
36,vaitape,-16.5167,-151.75,81.7,77,100,21.36,PF,1620801244
37,auki,-8.7676,160.7034,79.93,81,100,1.03,SB,1620801244
38,ancud,-41.8697,-73.8203,50.0,100,75,11.5,CL,1620801245
39,rock sound,24.9,-76.2,78.82,80,11,15.48,BS,1620801245
40,hervey bay,-25.2986,152.8535,80.6,65,5,10.36,AU,1620801245
41,grand gaube,-20.0064,57.6608,82.0,63,0,10.0,MU,1620801246
42,folldal,62.1325,9.9968,40.1,90,100,2.21,NO,1620801246
43,provideniya,64.3833,-173.3,35.6,80,90,11.18,RU,1620801247
44,turukhansk,65.8167,87.9833,51.76,60,100,12.19,RU,1620801010
45,adra,36.7496,-3.0206,59.0,82,0,3.44,ES,1620801247
46,nanortalik,60.1432,-45.2371,39.54,69,96,4.97,GL,1620801248
47,rosetta,31.4044,30.4164,71.6,60,0,8.05,EG,1620801248
48,kavaratti,10.5669,72.642,83.97,73,100,2.95,IN,1620801249
49,talaya,61.3833,152.75,35.06,65,97,4.92,RU,1620801249
50,cairns,-16.9167,145.7667,82.4,61,99,13.8,AU,1620801249
51,dole,47.0833,5.5,48.0,100,90,3.44,FR,1620801250
52,ulaanbaatar,47.9077,106.8832,53.6,24,40,8.95,MN,1620801250
53,taoudenni,22.6783,-3.9836,88.36,8,0,8.66,ML,1620801251
54,mataura,-46.1927,168.8643,44.01,78,0,1.99,NZ,1620801251
55,banikoara,11.2985,2.4386,85.42,47,4,7.9,BJ,1620801251
56,ilulissat,69.2167,-51.1,30.2,93,75,2.33,GL,1620801252
57,leh,34.1667,77.5833,50.61,40,41,6.24,IN,1620801252
58,chegdomyn,51.1167,133.0167,57.13,45,100,11.5,RU,1620801130
59,bambous virieux,-20.3428,57.7575,82.0,74,40,9.22,MU,1620801253
60,ostrovnoy,68.0531,39.5131,42.58,90,100,14.47,RU,1620801253
61,muromtsevo,56.3724,75.2418,69.06,31,100,10.94,RU,1620801253
62,kresttsy,58.2452,32.5165,66.88,58,0,6.06,RU,1620801254
63,lavrentiya,65.5833,-171.0,33.28,99,100,3.53,RU,1620801254
64,worland,44.0169,-107.9554,46.4,53,20,9.22,US,1620801254
65,saint-paul,-21.0096,55.2707,82.4,65,0,16.11,RE,1620801255
66,zhigansk,66.7697,123.3711,37.36,55,14,11.59,RU,1620801255
67,katsuura,35.1333,140.3,68.0,55,75,9.22,JP,1620801256
68,cherrapunji,25.3,91.7,75.2,69,75,3.44,IN,1620801256
69,daru,-9.0763,143.2092,81.61,80,43,10.47,PG,1620801257
70,pareora,-44.4871,171.2132,44.01,52,8,2.26,NZ,1620801257
71,pangkalanbuun,-2.6833,111.6167,85.32,73,100,4.81,ID,1620801036
72,cidreira,-30.1811,-50.2056,54.97,76,100,7.87,BR,1620801258
73,hovd,48.0056,91.6419,59.04,27,36,10.18,MN,1620800774
74,itoman,26.1247,127.6694,86.0,83,40,12.66,JP,1620801258
75,rawson,-43.3002,-65.1023,56.89,31,100,7.72,AR,1620801259
76,kaitangata,-46.2817,169.8464,44.01,71,9,1.07,NZ,1620801259
77,svetlogorsk,52.6333,29.7333,53.85,62,0,13.29,BY,1620801259
78,tuatapere,-46.1333,167.6833,44.01,78,56,1.99,NZ,1620801260
79,hermanus,-34.4187,19.2345,55.0,96,67,5.3,ZA,1620801260
80,hofn,64.2539,-15.2082,34.61,63,13,1.81,IS,1620801261
81,faya,18.3851,42.4509,77.0,29,0,9.22,SA,1620801261
82,horizontina,-27.6258,-54.3078,48.99,92,92,5.86,BR,1620801261
83,saldanha,-33.0117,17.9442,48.2,87,6,10.47,ZA,1620801262
84,arraial do cabo,-22.9661,-42.0278,68.85,80,6,3.31,BR,1620801262
85,vigrestad,58.5667,5.7,50.0,92,100,8.23,NO,1620801262
86,bathsheba,13.2167,-59.5167,78.8,61,20,20.71,BB,1620801263
87,saskylakh,71.9167,114.0833,33.57,93,100,7.87,RU,1620801263
88,nemuro,43.3236,145.575,46.4,71,40,11.5,JP,1620801264
89,hay river,60.8156,-115.7999,37.4,75,100,5.75,CA,1620801013
90,conakry,9.538,-13.6773,78.8,83,20,9.22,GN,1620801264
91,bethel,41.3712,-73.414,48.2,43,1,8.9,US,1620801265
92,cagayan de oro,8.4822,124.6472,91.0,67,41,6.08,PH,1620801265
93,puerto ayora,-0.7393,-90.3518,75.0,93,37,3.0,EC,1620801073
94,ribeira grande,38.5167,-28.7,60.8,94,40,6.91,PT,1620801266
95,sobolevo,54.4299,31.8996,54.37,62,0,9.26,RU,1620801266
96,castro,-24.7911,-50.0119,55.63,96,100,2.46,BR,1620801266
97,takaka,-40.85,172.8,52.0,71,87,8.01,NZ,1620801267
98,namatanai,-3.6667,152.4333,82.44,74,11,6.62,PG,1620801267
99,fasa,28.9383,53.6482,86.0,17,0,6.91,IR,1620801268
100,morehead,37.2711,-87.1764,53.6,47,90,9.22,US,1620801268
101,todos santos,23.45,-110.2167,78.01,56,10,5.12,MX,1620801268
102,ahipara,-35.1667,173.1667,61.23,92,51,7.56,NZ,1620801269
103,khatanga,71.9667,102.5,32.56,100,100,7.45,RU,1620801269
104,manoel urbano,-8.8389,-69.2597,70.9,99,100,1.63,BR,1620801270
105,airai,-8.9266,125.4092,69.89,66,97,3.89,TL,1620801270
106,udachnyy,66.4167,112.4,33.93,66,52,5.86,RU,1620801270
107,qaanaaq,77.484,-69.3632,20.25,90,100,8.46,GL,1620801271
108,bagdarin,54.4333,113.6,54.63,22,78,12.35,RU,1620801271
109,koumac,-20.5667,164.2833,78.96,78,100,4.27,NC,1620801272
110,sarkand,45.41,79.9186,60.44,43,30,8.46,KZ,1620801272
111,hithadhoo,-0.6,73.0833,81.48,78,100,11.68,MV,1620801273
112,butaritari,3.0707,172.7902,82.81,75,100,11.3,KI,1620801273
113,avarua,-21.2078,-159.775,71.6,94,75,10.36,CK,1620801090
114,lagoa,39.05,-27.9833,60.82,84,100,15.19,PT,1620801274
115,kahului,20.8947,-156.47,73.4,68,20,14.97,US,1620801185
116,bud,39.447,-86.1758,44.01,67,100,7.96,US,1620801274
117,wanning,18.8003,110.3967,89.87,62,7,15.37,CN,1620801275
118,saint george,37.1041,-113.5841,71.6,10,1,16.11,US,1620801232
119,chebenki,51.9337,55.7077,71.6,28,0,11.18,RU,1620801276
120,esperance,-33.8667,121.9,59.0,100,75,16.11,AU,1620801276
121,mutis,6.2262,-77.4044,79.12,87,100,3.87,CO,1620801276
122,touros,-5.1989,-35.4608,73.4,94,0,4.61,BR,1620801277
123,vila do maio,15.1333,-23.2167,75.2,57,20,17.27,CV,1620801277
124,saint-denis,48.9167,2.3333,50.0,81,0,4.61,FR,1620801157
125,hobart,-42.8794,147.3294,57.2,62,75,8.05,AU,1620801267
126,pisco,-13.7,-76.2167,64.4,88,90,8.05,PE,1620801278
127,upernavik,72.7868,-56.1549,27.41,97,100,3.04,GL,1620801278
128,chokurdakh,70.6333,147.9167,27.25,85,100,4.81,RU,1620801279
129,port elizabeth,-33.918,25.5701,59.0,82,20,19.57,ZA,1620801279
130,kodiak,57.79,-152.4072,40.75,86,100,2.26,US,1620801280
131,khasan,42.4308,130.6434,51.66,82,100,8.72,RU,1620801280
132,inhambane,-23.865,35.3833,69.8,100,20,3.49,MZ,1620801280
133,imeni babushkina,59.7573,43.1285,67.28,39,0,2.77,RU,1620801281
134,nyuksenitsa,60.4128,44.2397,67.14,44,17,3.58,RU,1620801281
135,kita,13.0349,-9.4895,85.73,43,100,3.47,ML,1620801281
136,victoria,22.2855,114.1577,90.0,75,6,8.99,HK,1620801216
137,yanam,16.7333,82.2167,91.4,62,40,10.36,IN,1620801282
138,sao jose da coroa grande,-8.8978,-35.1478,75.07,87,25,5.3,BR,1620801282
139,faanui,-16.4833,-151.75,81.7,77,100,21.43,PF,1620801283
140,podstepki,53.5151,49.1355,73.4,33,0,6.71,RU,1620801283
141,tuktoyaktuk,69.4541,-133.0374,21.2,93,90,18.41,CA,1620801284
142,sao joao da barra,-21.6403,-41.0511,66.76,82,6,7.58,BR,1620801284
143,aksarka,66.5606,67.7975,48.54,66,94,9.01,RU,1620801284
144,norman wells,65.282,-126.8329,48.2,53,75,4.61,CA,1620801285
145,sitka,57.0531,-135.33,46.4,76,90,2.42,US,1620801285
146,paamiut,61.994,-49.6678,36.55,72,82,3.96,GL,1620801285
147,cherskiy,68.75,161.3,25.39,85,95,5.21,RU,1620801191
148,konosha,60.9736,40.257,66.94,52,16,5.35,RU,1620801286
149,edremit,39.5961,27.0244,64.4,39,0,11.5,TR,1620801286
150,sakakah,29.9697,40.2064,89.6,12,5,4.61,SA,1620801287
151,arroyo,41.6096,-4.7969,53.01,93,90,18.41,ES,1620801287
152,vestmannaeyjar,63.4427,-20.2734,40.17,63,30,2.95,IS,1620801288
153,kapaa,22.0752,-159.319,75.2,78,20,14.97,US,1620801288
154,port alfred,-33.5906,26.891,64.2,76,45,21.18,ZA,1620801288
155,bilma,18.6853,12.9164,94.86,8,22,5.39,NE,1620801289
156,new norfolk,-42.7826,147.0587,57.2,62,75,8.05,AU,1620801289
157,codrington,-38.2667,141.9667,56.19,65,0,2.82,AU,1620801289
158,taft,31.7471,54.2088,80.6,26,40,2.3,IR,1620801290
159,varhaug,58.6147,5.6457,50.0,92,100,8.39,NO,1620801290
160,kostyantynivka,48.5277,37.7069,47.73,87,100,15.26,UA,1620801290
161,lebu,-37.6167,-73.65,49.66,81,14,10.78,CL,1620801291
162,lumphat,13.4878,106.9816,94.91,44,56,4.63,KH,1620801291
163,dukat,62.55,155.55,29.3,88,98,3.91,RU,1620801292
164,chuy,-33.6971,-53.4616,53.11,70,100,6.8,UY,1620801292
165,bengkulu,-3.8004,102.2655,83.16,83,65,6.11,ID,1620801292
166,mandera,3.9366,41.867,87.13,45,88,21.09,KE,1620801293
167,berlevag,70.8578,29.0864,41.0,65,75,2.3,NO,1620801293
168,ferrol,43.4832,-8.2369,55.99,86,100,5.99,ES,1620801294
169,liverpool,53.4106,-2.9779,46.99,100,20,4.61,GB,1620801001
170,lambarene,-0.7001,10.2406,78.96,85,18,1.72,GA,1620801294
171,abu dhabi,24.4667,54.3667,95.0,41,0,3.44,AE,1620801294
172,vicuna,-30.0319,-70.7081,53.6,94,90,2.3,CL,1620801295
173,half moon bay,37.4636,-122.4286,55.99,100,90,8.05,US,1620801061
174,jamestown,42.097,-79.2353,39.99,87,90,8.05,US,1620801295
175,tiarei,-17.5333,-149.3333,80.6,69,75,1.14,PF,1620801296
176,kirakira,-10.4544,161.9205,80.82,79,68,4.07,SB,1620801296
177,ban nahin,18.2418,104.2122,102.99,42,40,5.91,LA,1620801297
178,mar del plata,-38.0023,-57.5575,48.0,93,0,5.75,AR,1620801297
179,sarankhola,22.3082,89.7897,94.33,44,64,4.47,BD,1620801297
180,dicabisagan,17.0818,122.4157,87.67,66,1,10.85,PH,1620801298
181,samarai,-10.6167,150.6667,82.71,74,4,9.26,PG,1620801298
182,alugan,12.2188,125.4808,83.16,80,92,7.56,PH,1620801299
183,tasiilaq,65.6145,-37.6368,28.4,86,90,24.16,GL,1620801299
184,nador,35.174,-2.9287,62.6,48,0,5.75,MA,1620801299
185,atuona,-9.8,-139.0333,80.29,80,2,23.78,PF,1620801300
186,talara,-4.5772,-81.2719,69.94,72,8,13.4,PE,1620801300
187,tigzirt,36.8886,4.1198,62.02,41,0,6.11,DZ,1620801301
188,xuanzhou,30.9525,118.7553,71.91,84,100,3.67,CN,1620801301
189,gimli,50.6336,-96.9907,51.8,28,15,5.75,CA,1620801250
190,xai-xai,-25.0519,33.6442,73.15,67,0,8.88,MZ,1620801302
191,mundargi,15.2167,75.9,89.56,49,100,2.71,IN,1620801302
192,beringovskiy,63.05,179.3167,32.79,98,100,8.03,RU,1620801303
193,mahon,39.8885,4.2658,60.8,88,0,6.91,ES,1620801198
194,batagay,67.6333,134.6333,32.13,61,100,8.79,RU,1620801303
195,wismar,53.9,11.4667,53.01,97,100,4.0,DE,1620801304
196,san patricio,28.017,-97.5169,75.2,94,90,11.5,US,1620801304
197,kathmandu,27.7167,85.3167,64.4,88,75,8.05,NP,1620801084
198,torbay,47.6666,-52.7314,41.0,100,40,9.22,CA,1620801305
199,cabo san lucas,22.8909,-109.9124,77.0,66,39,8.16,MX,1620801230
200,moree,-29.4667,149.85,68.0,42,0,10.36,AU,1620801008
201,christchurch,-43.5333,172.6333,45.0,81,20,5.75,NZ,1620801253
202,gorontalo,0.5412,123.0595,86.07,72,16,6.29,ID,1620801306
203,lata,40.1629,-8.3327,54.0,93,31,5.01,PT,1620801306
204,lagos de moreno,21.35,-101.9167,68.0,68,90,3.31,MX,1620801307
205,elizabeth city,36.2946,-76.2511,51.8,87,1,3.44,US,1620801307
206,mahebourg,-20.4081,57.7,80.6,74,40,9.22,MU,1620801307
207,lasem,-6.6922,111.4527,88.03,63,90,9.06,ID,1620801308
208,qaqortoq,60.7167,-46.0333,37.4,52,75,4.61,GL,1620801308
209,bandarbeyla,9.4942,50.8122,85.57,58,100,16.75,SO,1620801309
210,bulungu,-4.55,18.6,76.91,64,0,3.4,CD,1620801309
211,shakawe,-18.3667,21.85,65.84,34,0,6.6,BW,1620801310
212,amapa,1.0,-52.0,69.46,99,97,1.43,BR,1620801310
213,esmeraldas,-19.7625,-44.3139,59.0,82,0,2.3,BR,1620801044
214,waipawa,-41.4122,175.5153,51.8,82,75,26.46,NZ,1620801311
215,carnarvon,-24.8667,113.6333,82.4,51,0,10.36,AU,1620801311
216,corinto,37.9407,22.9573,69.01,60,9,2.62,GR,1620801312
217,tahta,26.7693,31.5021,78.8,31,0,5.75,EG,1620801312
218,pyay,18.8167,95.2167,104.4,26,29,6.76,MM,1620801312
219,bay roberts,47.5999,-53.2648,39.99,92,40,3.0,CA,1620801067
220,east london,-33.0153,27.9116,60.8,82,0,13.8,ZA,1620801313
221,nikolayevskaya,47.6139,41.5023,56.89,70,60,5.91,RU,1620801313
222,disna,55.568,28.1971,62.53,72,27,12.1,BY,1620801314
223,kununurra,-15.7667,128.7333,91.4,24,0,9.22,AU,1620801314
224,uribia,11.7139,-72.266,78.98,77,22,22.7,CO,1620801314
225,luderitz,-26.6481,15.1594,71.37,38,0,7.02,NA,1620801315
226,mayumba,-3.432,10.6554,79.12,86,58,4.41,GA,1620801315
227,tautira,-17.7333,-149.15,80.6,69,75,3.44,PF,1620800765
228,okato,-39.2,173.8833,50.0,85,58,21.99,NZ,1620801316
229,oktyabrskiy,54.4815,53.471,75.34,32,27,7.94,RU,1620801316
230,rocha,-34.4833,-54.3333,49.68,77,11,6.67,UY,1620801026
231,thompson,55.7435,-97.8558,46.4,46,40,2.3,CA,1620801317
232,isiro,2.7739,27.616,71.71,85,100,0.4,CD,1620801317
233,nara,34.6851,135.8049,64.4,82,90,16.11,JP,1620801318
234,benghazi,32.1167,20.0667,73.74,36,7,4.7,LY,1620801318
235,acarau,-2.8856,-40.12,74.05,89,2,9.08,BR,1620801318
236,olinda,-8.0089,-34.8553,71.6,94,40,2.3,BR,1620801319
237,hinatuan,8.3722,126.3342,84.65,67,100,6.67,PH,1620801319
238,khirkiya,22.1674,76.8605,102.52,15,4,10.83,IN,1620801320
239,seoul,37.5683,126.9778,80.6,26,0,4.61,KR,1620801320
240,pau brasil,-15.4642,-39.6511,58.71,97,2,2.28,BR,1620801320
241,quatre cocos,-20.2078,57.7625,82.0,74,40,9.22,MU,1620801321
242,hilo,19.7297,-155.09,77.0,69,90,3.44,US,1620801185
243,thanh hoa,19.8,105.7667,97.81,45,15,11.5,VN,1620801321
244,barrow,71.2906,-156.7887,15.8,79,90,10.36,US,1620801322
245,grindavik,63.8424,-22.4338,35.6,87,75,4.61,IS,1620801322
246,ngunguru,-35.6167,174.5,63.0,88,0,9.24,NZ,1620801323
247,nur,52.6683,22.3221,63.3,71,12,16.69,PL,1620801323
248,kruisfontein,-34.0033,24.7314,55.0,96,5,1.01,ZA,1620800769
249,chinsali,-10.5414,32.0816,66.06,57,4,10.29,ZM,1620801324
250,la orilla,17.9833,-102.2333,78.57,83,97,2.64,MX,1620801324
251,husavik,66.0449,-17.3389,23.0,86,0,3.44,IS,1620801325
252,bukene,-4.2333,32.8833,66.13,89,100,4.72,TZ,1620801325
253,awbari,26.5921,12.7805,90.82,8,0,5.86,LY,1620801325
254,emba,48.8264,58.1442,71.15,29,87,15.37,KZ,1620801326
255,tupiza,-21.45,-65.7167,51.69,42,19,1.83,BO,1620801326
256,sur,22.5667,59.5289,89.64,48,0,6.53,OM,1620801326
257,riyadh,24.6877,46.7219,95.0,20,0,12.24,SA,1620801222
258,constantine,36.365,6.6147,48.2,87,0,4.61,DZ,1620801327
259,sinnamary,5.3833,-52.95,77.02,86,90,9.75,GF,1620801327
260,bac lieu,9.285,105.7244,89.53,57,40,10.92,VN,1620801328
261,shelburne,44.0787,-80.2041,39.0,85,24,12.44,CA,1620801328
262,barra patuca,15.8,-84.2833,78.17,87,64,10.74,HN,1620801329
263,vila velha,-20.3297,-40.2925,69.01,100,0,2.3,BR,1620801329
264,ponta delgada,37.7333,-25.6667,55.4,88,20,3.44,PT,1620801329
265,vallenar,-28.5708,-70.7581,59.59,61,0,1.12,CL,1620801330
266,krivodol,43.3744,23.4844,61.12,67,99,2.75,BG,1620801330
267,hasaki,35.7333,140.8333,68.0,48,75,8.05,JP,1620801330
268,mocuba,-16.8392,36.9856,64.98,97,100,3.4,MZ,1620801331
269,cayenne,4.9333,-52.3333,78.01,94,75,2.3,GF,1620801331
270,axim,4.8699,-2.2405,81.0,73,73,5.79,GH,1620801332
271,parauna,-16.9478,-50.4486,60.96,61,27,2.89,BR,1620801332
272,asau,46.4333,26.4,64.0,33,0,5.1,RO,1620801332
273,mount gambier,-37.8333,140.7667,60.8,55,40,8.05,AU,1620801306
274,severnyy,50.677,36.5532,51.8,66,75,17.9,RU,1620801333
275,lasa,46.6166,10.7002,53.6,93,40,6.91,IT,1620800770
276,chapais,49.7834,-74.8492,37.4,70,20,4.61,CA,1620801162
277,san andres,12.5847,-81.7006,82.4,83,40,12.66,CO,1620801334
278,bilibino,68.0546,166.4372,29.66,84,100,2.26,RU,1620801334
279,port blair,11.6667,92.75,89.6,79,40,6.91,IN,1620801335
280,banjarmasin,-3.3244,114.591,91.4,55,40,5.75,ID,1620801335
281,alofi,-19.0595,-169.9187,75.2,94,80,14.97,NU,1620801335
282,santa isabel do rio negro,-0.4139,-65.0192,72.21,99,100,2.21,BR,1620801336
283,severo-kurilsk,50.6789,156.125,36.39,87,85,13.71,RU,1620801336
284,lufilufi,-13.8745,-171.5986,78.8,89,40,3.44,WS,1620801337
285,ekhabi,53.5102,142.9671,42.15,69,1,11.52,RU,1620801337
286,xifeng,42.7372,124.7222,70.74,26,100,16.64,CN,1620801337
287,trinidad,-14.8333,-64.9,66.81,85,60,5.41,BO,1620801206
288,kirensk,57.7853,108.1119,46.08,36,100,8.01,RU,1620801338
289,geraldton,-28.7667,114.6,80.6,54,3,13.8,AU,1620801251
290,leningradskiy,69.3833,178.4167,31.77,96,100,10.09,RU,1620801339
291,ormara,25.2088,64.6357,87.71,60,0,19.04,PK,1620801339
292,hami,42.8,93.45,77.74,26,100,6.49,CN,1620801339
293,wajima,37.4,136.9,66.2,42,0,6.91,JP,1620801340
294,walvis bay,-22.9575,14.5053,69.8,28,0,14.97,NA,1620801203
295,margate,51.3813,1.3862,53.01,74,0,4.0,GB,1620801327
296,vila franca do campo,37.7167,-25.4333,55.4,88,20,3.44,PT,1620801341
297,avera,33.194,-82.5271,66.2,97,90,3.44,US,1620801341
298,donskoye,45.4552,41.9741,55.4,62,0,8.95,RU,1620801342
299,puerto gaitan,4.3133,-72.0816,71.64,96,98,1.61,CO,1620801197
300,gijon,43.5357,-5.6615,57.2,58,40,11.5,ES,1620801138
301,wairoa,-39.0333,177.3667,54.0,97,100,11.01,NZ,1620801342
302,shintomi,32.0785,131.4723,69.8,94,75,2.3,JP,1620801343
303,barao de melgaco,-16.1944,-55.9675,71.6,83,0,5.75,BR,1620801343
304,kabanjahe,3.1001,98.4908,82.4,89,75,6.91,ID,1620801343
305,kastamonu,41.5,33.6667,48.2,53,0,4.61,TR,1620801137
306,vao,-22.6667,167.4833,74.88,78,100,19.55,NC,1620801344
307,zelenoborskiy,66.845,32.3622,46.99,100,100,1.45,RU,1620800772
308,srednekolymsk,67.45,153.6833,28.99,77,97,0.36,RU,1620801345
309,karratha,-20.7377,116.8463,88.61,29,0,9.15,AU,1620801345
310,vestmanna,62.1564,-7.1664,39.2,75,20,11.5,FO,1620801345
311,kalat,29.0225,66.5916,72.23,13,0,15.28,PK,1620801346
312,yellowknife,62.456,-114.3525,30.2,74,20,9.22,CA,1620801346
313,pingliang,35.5392,106.6861,75.96,43,100,13.89,CN,1620801347
314,makat,47.6469,53.3463,77.32,35,79,23.15,KZ,1620801347
315,richards bay,-28.783,32.0377,71.62,41,0,3.13,ZA,1620801066
316,santa maria,-29.6842,-53.8069,43.68,80,11,2.55,BR,1620801348
317,broken hill,-31.95,141.4333,62.6,45,0,4.61,AU,1620801348
318,lompoc,34.6391,-120.4579,53.6,94,0,3.44,US,1620801348
319,eyemouth,55.8713,-2.0901,46.0,87,100,5.01,GB,1620801349
320,verkh-usugli,52.7,115.1667,58.57,17,100,9.69,RU,1620801349
321,goderich,43.7501,-81.7165,41.0,81,4,10.36,CA,1620801350
322,pentecoste,-3.7928,-39.2703,75.0,85,79,1.01,BR,1620801350
323,papetoai,-17.4961,-149.8729,80.6,69,75,1.14,PF,1620801351
324,ust-kulom,61.6864,53.6902,67.66,48,100,10.49,RU,1620801311
325,corredor,8.64,-82.946,74.98,96,100,2.8,CR,1620801351
326,alpena,45.0617,-83.4327,39.2,65,1,3.44,US,1620801352
327,khrebtovaya,56.7032,104.2494,40.21,46,100,9.35,RU,1620801352
328,pevek,69.7008,170.3133,25.92,84,100,0.98,RU,1620801353
329,mehamn,71.0357,27.8492,41.0,65,75,2.3,NO,1620801353
330,souillac,-20.5167,57.5167,80.6,74,40,9.22,MU,1620801353
331,okhotsk,59.3833,143.3,36.23,73,100,7.94,RU,1620801354
332,tezu,27.9167,96.1667,71.85,93,100,2.86,IN,1620801354
333,nyurba,63.2842,118.3319,47.73,34,8,7.72,RU,1620801354
334,nome,64.5011,-165.4064,39.99,87,1,12.66,US,1620801355
335,seymchan,62.8833,152.4333,38.66,57,93,2.35,RU,1620801355
336,uong bi,21.0333,106.7833,87.8,79,75,11.5,VN,1620801356
337,wasilla,61.5814,-149.4394,48.2,76,90,4.61,US,1620801242
338,miragoane,18.4423,-73.0876,78.91,77,100,2.3,HT,1620801356
339,alta floresta,-9.8756,-56.0861,69.69,79,96,3.02,BR,1620801357
340,pouembout,-21.1333,164.9,76.84,80,100,5.75,NC,1620801357
341,nantucket,41.2835,-70.0995,53.6,40,90,17.27,US,1620801358
342,tazovskiy,67.4667,78.7,33.66,99,100,7.49,RU,1620801358
343,peleduy,59.6289,112.7406,40.71,76,100,10.38,RU,1620801358
344,casper,42.8666,-106.3131,36.0,86,1,3.44,US,1620801150
345,port-cartier,50.0334,-66.8654,41.0,87,75,4.61,CA,1620801359
346,torit,4.4133,32.5678,72.55,83,100,2.53,SS,1620801359
347,krasnoselkup,65.7,82.4667,39.65,70,100,15.41,RU,1620801360
348,klaksvik,62.2266,-6.589,39.2,75,20,11.5,FO,1620801360
349,polis,35.0367,32.4264,77.0,73,0,11.5,CY,1620801361
350,beloha,-25.1667,45.05,75.34,56,4,8.08,MG,1620801361
351,kempele,64.9131,25.5034,60.01,72,0,4.61,FI,1620801361
352,malanje,-9.5402,16.341,64.49,71,0,5.7,AO,1620801362
353,nikolskoye,59.7035,30.7861,69.01,34,0,4.47,RU,1620801362
354,misratah,32.3754,15.0925,68.9,74,53,17.52,LY,1620801363
355,peno,56.9262,32.7426,65.35,59,0,7.74,RU,1620801363
356,huarmey,-10.0681,-78.1522,65.17,86,6,5.91,PE,1620801363
357,slave lake,55.2834,-114.769,44.6,61,1,2.3,CA,1620801364
358,durban,-29.8579,31.0292,68.0,68,0,1.14,ZA,1620801364
359,los llanos de aridane,28.6585,-17.9182,64.4,68,20,12.66,ES,1620801365
360,tiznit,29.5833,-9.5,62.13,57,37,1.1,MA,1620801365
361,labuhan,-6.8844,112.2051,88.11,61,57,7.4,ID,1620801365
362,waingapu,-9.6567,120.2641,84.2,60,10,14.97,ID,1620801366
363,sao filipe,14.8961,-24.4956,76.21,66,0,9.06,CV,1620801366
364,sorland,67.667,12.6934,46.4,87,75,13.8,NO,1620801367
365,mao,39.8885,4.2658,60.8,88,0,6.91,ES,1620801367
366,barentu,15.1139,37.5928,85.01,33,64,11.39,ER,1620801367
367,fort nelson,58.8053,-122.7002,51.8,58,75,3.44,CA,1620801368
368,victor harbor,-35.5667,138.6167,59.0,65,7,5.14,AU,1620801368
369,libano,4.9218,-75.0623,60.51,89,100,4.27,CO,1620801369
370,birsk,55.4211,55.5428,73.81,35,4,5.03,RU,1620801133
371,mogapinyana,-22.3667,27.6,59.0,77,0,3.85,BW,1620801369
372,naze,28.3667,129.4833,75.2,100,75,21.85,JP,1620801370
373,riviere-au-renard,48.9957,-64.3971,37.4,81,90,5.75,CA,1620801370
374,vokhtoga,58.8147,41.0461,66.22,54,7,3.53,RU,1620801371
375,canico,32.6333,-16.85,60.8,72,20,5.75,PT,1620801371
376,shetpe,44.1667,52.1167,75.29,37,0,13.58,KZ,1620801372
377,morant bay,17.8815,-76.4093,82.4,69,20,17.27,JM,1620801372
378,agadir,30.4202,-9.5982,55.4,88,0,3.44,MA,1620801372
379,sandy bay,-42.913,147.3532,57.2,62,75,8.05,AU,1620801373
380,longyearbyen,78.2186,15.6401,23.0,80,75,5.75,SJ,1620801373
381,kavieng,-2.5744,150.7967,80.19,82,100,10.0,PG,1620801374
382,kattivakkam,13.2167,80.3167,96.8,46,40,5.75,IN,1620801374
383,olafsvik,64.8945,-23.7142,38.52,63,31,3.85,IS,1620801374
384,mogadishu,2.0371,45.3438,80.6,69,90,16.11,SO,1620801375
385,madimba,-10.4,40.3333,73.4,83,20,19.57,TZ,1620801375
386,blythe,33.6103,-114.5964,84.2,17,1,9.22,US,1620801375
387,hyderabad,17.3753,78.4744,93.2,49,31,5.75,IN,1620801095
388,yar-sale,66.8333,70.8333,37.13,97,100,1.72,RU,1620801376
389,pacifica,37.6138,-122.4869,55.0,82,20,9.22,US,1620801176
390,egvekinot,66.3167,-179.1667,30.63,99,100,3.42,RU,1620801377
391,uri,34.0833,74.0333,71.2,62,77,5.82,IN,1620801377
392,lebyazhye,55.2689,66.4947,74.41,23,97,12.44,RU,1620801378
393,mirnyy,62.5353,113.9611,42.71,43,100,4.68,RU,1620801378
394,kolokani,13.5728,-8.0339,87.66,35,99,5.37,ML,1620801378
395,babushkin,51.7122,105.8647,48.04,55,43,9.01,RU,1620801379
396,ossora,59.2353,163.0719,33.1,81,30,5.53,RU,1620801379
397,ambulu,-8.345,113.6058,85.8,65,37,11.01,ID,1620801379
398,belyy yar,53.6039,91.3903,69.8,19,0,8.95,RU,1620801380
399,novyy urengoy,66.0833,76.6333,43.54,66,26,10.07,RU,1620801380
400,college,64.8569,-147.8028,50.0,76,40,4.61,US,1620801381
401,mount isa,-20.7333,139.5,82.4,23,0,9.22,AU,1620801381
402,jiangyou,31.7667,104.7167,80.46,49,100,5.46,CN,1620801124
403,flin flon,54.7682,-101.865,49.15,57,44,4.25,CA,1620801382
404,khartoum,15.5518,32.5324,94.08,33,42,12.8,SD,1620801382
405,honningsvag,70.9821,25.9704,39.2,60,75,3.44,NO,1620801382
406,sao felix do xingu,-6.6447,-51.995,69.57,96,100,1.88,BR,1620801383
407,bonavista,48.6499,-53.1147,39.99,87,100,4.61,CA,1620801383
408,vostok,46.4856,135.8833,53.71,53,100,6.24,RU,1620801383
409,nuuk,64.1835,-51.7216,32.0,93,75,4.61,GL,1620801128
410,coahuayana,18.7333,-103.6833,76.73,86,100,2.53,MX,1620801384
411,tiksi,71.6872,128.8694,26.65,80,99,7.0,RU,1620801384
412,oia,40.5426,-8.5386,59.0,82,75,6.91,PT,1620801385
413,buluang,13.3068,123.3425,89.19,60,89,2.39,PH,1620801385
414,mabaruma,8.2,-59.7833,71.24,97,49,1.48,GY,1620801386
415,salinopolis,-0.6136,-47.3561,75.78,89,98,5.35,BR,1620801386
416,ulladulla,-35.35,150.4667,64.99,77,20,8.05,AU,1620801387
417,vagur,61.4732,-6.8119,40.77,70,95,22.95,FO,1620801387
418,abalak,58.1286,68.5944,60.35,32,100,10.94,RU,1620801387
419,palkonda,18.6,83.75,99.81,36,18,4.9,IN,1620801388
420,vardo,70.3705,31.1107,39.2,75,75,6.91,NO,1620801388
421,mittagong,-34.45,150.45,66.99,73,85,3.0,AU,1620801388
422,neiafu,-18.65,-173.9833,77.0,73,75,5.75,TO,1620801389
423,petropavlovsk-kamchatskiy,53.0452,158.6483,50.0,43,89,11.18,RU,1620801389
424,saint-francois,46.4154,3.9054,50.0,87,0,3.44,FR,1620801390
425,prince george,53.9166,-122.753,51.01,57,20,3.44,CA,1620801259
426,marzuq,14.4,46.4667,86.58,22,100,2.59,YE,1620801390
427,antofagasta,-23.65,-70.4,59.0,82,90,2.3,CL,1620801390
428,jieshou,33.2634,115.3611,85.35,44,96,6.58,CN,1620801391
429,high rock,26.6208,-78.2833,78.8,83,40,6.91,BS,1620801391
430,shache,38.4167,77.2406,81.72,18,71,16.28,CN,1620801392
431,tura,25.5198,90.2201,84.42,53,53,2.77,IN,1620801392
432,azatavan,39.9832,44.5053,64.4,45,0,2.3,AM,1620801393
433,moundsville,39.9203,-80.7431,37.4,70,1,5.75,US,1620801393
434,port lincoln,-34.7333,135.8667,60.57,56,76,6.91,AU,1620801393
435,yuci,37.6803,112.7319,86.0,20,0,4.47,CN,1620801394
436,sola,-13.8833,167.55,78.8,94,75,14.81,VU,1620801394
437,atar,20.5169,-13.0499,79.2,14,4,11.5,MR,1620801394
438,kinsale,51.7075,-8.5306,48.0,93,75,6.91,IE,1620801302
439,dalby,-27.1833,151.2667,64.4,88,75,1.14,AU,1620801395
440,voyvozh,62.892,54.9635,65.43,53,100,12.08,RU,1620801395
441,eydhafushi,5.1033,73.0708,79.75,89,100,26.22,MV,1620801396
442,zemio,5.0314,25.1361,72.18,94,100,1.01,CF,1620801396
443,tarko-sale,64.9225,77.785,46.0,68,17,14.07,RU,1620801396
444,vanimo,-2.6741,141.3028,82.67,77,53,5.77,PG,1620801397
445,jiayuguan,39.8167,98.3,74.71,13,10,11.72,CN,1620801397
446,broome,42.2506,-75.833,39.99,75,1,9.22,US,1620801398
447,yining,29.0361,114.5636,78.84,73,100,2.73,CN,1620801398
448,tateyama,34.9833,139.8667,70.0,77,75,10.36,JP,1620801399
449,necochea,-38.5473,-58.7368,44.71,59,0,10.98,AR,1620801399
450,dunedin,-45.8742,170.5036,44.01,64,6,1.01,NZ,1620801122
451,akdepe,42.0551,59.3788,80.6,34,0,18.41,TM,1620801400
452,clyde river,70.4692,-68.5914,24.8,100,90,4.61,CA,1620801400
453,portland,45.5234,-122.6762,60.01,68,100,2.28,US,1620801160
454,ambon,-3.6954,128.1814,89.6,70,40,6.91,ID,1620801401
455,khani,41.9563,42.9566,62.6,59,0,5.75,GE,1620801401
456,lipari,38.4674,14.954,69.01,64,3,22.57,IT,1620801401
457,emerald,-23.5333,148.1667,86.0,39,75,6.91,AU,1620801402
458,teguldet,57.3064,88.1667,67.73,30,96,3.89,RU,1620801402
459,kashi,39.4547,75.9797,78.8,15,0,11.18,CN,1620801403
460,meulaboh,4.1363,96.1285,83.97,73,100,2.66,ID,1620801403
461,haapiti,-17.5667,-149.8667,80.6,69,75,1.14,PF,1620801403
462,moville,42.4889,-96.0725,43.0,56,1,4.61,US,1620801404
463,kumano,34.3442,132.5894,63.0,100,75,11.5,JP,1620801404
464,marabba,12.35,32.1833,84.92,57,92,15.28,SD,1620801405
465,te anau,-45.4167,167.7167,37.94,82,3,2.15,NZ,1620801405
466,camana,-16.6228,-72.7111,66.63,75,32,7.61,PE,1620801406
467,marquette,46.5333,-87.6335,39.0,55,2,1.99,US,1620801406
468,pila,53.1515,16.7378,67.96,70,6,9.06,PL,1620801406
469,three hills,51.7001,-113.2686,33.8,86,0,5.75,CA,1620801407
470,bondo,3.8146,23.6866,74.57,86,100,0.2,CD,1620801407
471,toamasina,-18.1667,49.3833,78.8,73,40,11.5,MG,1620801408
472,borba,-4.3878,-59.5939,71.78,98,23,1.63,BR,1620801408
473,edea,3.8,10.1333,75.2,100,75,1.68,CM,1620801409
474,save,8.0425,2.486,78.17,79,15,7.81,BJ,1620801409
475,moa,20.6569,-74.9403,77.27,89,33,10.33,CU,1620801410
476,gat,31.61,34.7642,75.0,47,0,1.01,IL,1620801182
477,lexington,37.9887,-84.4777,50.0,53,90,12.66,US,1620801407
478,chiredzi,-21.05,31.6667,72.09,49,0,0.51,ZW,1620801410
479,lucea,18.451,-78.1736,78.8,78,20,4.61,JM,1620801411
480,santa cruz de tenerife,28.4682,-16.2546,66.99,82,40,23.02,ES,1620801411
481,orsha,54.5153,30.4053,59.0,62,0,13.42,BY,1620801411
482,komsomolskiy,40.4272,71.7189,77.0,31,0,9.22,UZ,1620801412
483,synya,65.3718,58.0387,49.28,91,100,8.77,RU,1620801412
484,panacan,9.2463,118.4082,84.2,84,90,11.5,PH,1620801412
485,nizhniy kuranakh,58.8353,125.4869,41.94,85,100,7.18,RU,1620801413
486,guerrero negro,27.9769,-114.0611,58.39,84,0,10.78,MX,1620801413
487,hambantota,6.1241,81.1185,87.8,74,75,6.91,LK,1620801414
488,talnakh,69.4865,88.3972,34.21,100,100,2.55,RU,1620801414
489,antalaha,-14.9003,50.2788,81.0,63,96,10.16,MG,1620801414
490,baculin,7.4525,126.5842,82.8,77,100,7.02,PH,1620801415
491,roald,62.5833,6.1333,48.2,87,75,2.3,NO,1620801415
492,jumla,29.2747,82.1838,65.1,47,84,8.32,NP,1620801416
493,yarada,17.65,83.2667,93.2,59,40,11.5,IN,1620801416
494,gasa,31.5,34.4667,75.0,47,0,1.01,PS,1620801416
495,port macquarie,-31.4333,152.9167,69.01,95,100,1.01,AU,1620801417
496,gigmoto,13.7796,124.39,85.23,71,21,8.25,PH,1620801417
497,glazov,58.1394,52.6584,69.93,48,0,3.67,RU,1620801126
498,agirish,61.9247,63.0231,53.04,67,100,8.46,RU,1620801418
499,rio gallegos,-51.6226,-69.2181,44.6,76,0,6.91,AR,1620801418
500,trat,12.5,102.5,91.4,62,20,11.5,TH,1620801419
501,bainbridge,47.6262,-122.5212,57.0,84,100,3.53,US,1620801419
502,umm kaddadah,13.6017,26.6876,88.25,40,84,11.32,SD,1620801420
503,sterling,39.0062,-77.4286,53.6,32,75,10.36,US,1620801213
504,ouango,4.3133,22.5552,71.6,97,100,2.84,CF,1620801420
505,fenoarivo atsinanana,-17.3667,49.4167,78.8,78,75,16.11,MG,1620801420
506,tomatlan,19.9333,-105.25,74.64,79,100,0.87,MX,1620801421
507,marawi,7.9986,124.2928,91.0,67,92,4.16,PH,1620801421
508,pangnirtung,66.1451,-65.7125,20.14,82,100,7.2,CA,1620801422
509,constitucion,-35.3333,-72.4167,52.65,55,5,5.06,CL,1620801422
510,fortuna,40.5982,-124.1573,48.0,93,1,0.89,US,1620801180
511,vieste,41.8825,16.175,64.4,63,20,10.36,IT,1620801423
512,mahajanga,-15.7167,46.3167,84.2,58,20,9.22,MG,1620801423
513,carutapera,-1.195,-46.02,73.04,94,57,4.41,BR,1620801424
514,kalmunai,7.4167,81.8167,89.92,59,93,10.89,LK,1620801424
515,natalio,-26.7167,-55.0833,55.0,99,95,3.58,PY,1620801424
516,kailua,21.4022,-157.7394,77.0,73,20,12.66,US,1620801425
517,mandalgovi,45.7625,106.2708,51.01,40,100,7.31,MN,1620801425
518,mae hong son,19.3003,97.9685,91.4,55,40,6.91,TH,1620801425
519,charters towers,-20.1,146.2667,83.5,45,72,3.0,AU,1620801426
520,ushtobe,45.2514,77.9838,68.83,26,6,14.88,KZ,1620801427
521,goya,-29.14,-59.2626,44.69,79,0,4.47,AR,1620801427
522,dauphin,51.1494,-100.0502,59.0,20,1,14.97,CA,1620801197
523,fort-shevchenko,44.5086,50.263,62.89,55,5,10.16,KZ,1620801427
524,hanzhong,33.0728,107.0303,82.47,47,37,3.56,CN,1620801428
525,moose factory,51.2585,-80.6094,32.0,100,1,4.61,CA,1620801428
526,dali,25.7,100.1833,76.19,35,100,9.82,CN,1620801429
527,eyl,7.9803,49.8164,81.25,73,98,22.35,SO,1620801429
528,washougal,45.5826,-122.3534,62.6,51,1,1.19,US,1620801430
529,kaili,-3.4626,120.2147,78.1,71,55,4.23,ID,1620801430
530,pavino,59.1139,46.1414,66.34,44,0,2.66,RU,1620801430
531,ixtapa,20.7,-105.2,81.0,69,15,1.92,MX,1620801431
532,dingle,10.9995,122.6711,89.42,58,67,11.92,PH,1620801431
533,marsh harbour,26.5412,-77.0636,77.32,83,100,11.86,BS,1620801431
534,duluth,46.7833,-92.1066,44.6,76,1,4.23,US,1620801260
535,onzaga,6.3443,-72.8173,56.95,86,100,4.76,CO,1620801432
536,inverell,-29.7833,151.1167,62.01,52,96,3.0,AU,1620801432
537,bull savanna,17.8868,-77.5902,74.41,82,1,12.88,JM,1620801433
538,tadine,-21.55,167.8833,74.95,76,98,16.84,NC,1620801433
539,burnie,-41.0667,145.9167,54.0,69,84,5.01,AU,1620801361
540,cockburn town,21.4612,-71.1419,78.98,83,6,22.3,TC,1620801434
541,dolinsk,47.35,142.8,44.6,61,33,11.18,RU,1620801434
542,revda,56.801,59.9303,69.8,43,0,6.71,RU,1620801435
543,sinop,41.7711,34.8709,55.4,76,0,6.91,TR,1620801435
544,mvuma,-19.2792,30.5283,63.52,49,0,8.81,ZW,1620801435
545,havre-saint-pierre,50.2334,-63.5986,37.4,87,90,4.61,CA,1620801436
546,umm lajj,25.0213,37.2685,86.23,43,0,4.7,SA,1620801436
547,bensonville,6.4461,-10.6125,75.2,94,75,3.0,LR,1620801436
548,usta muhammad,28.1794,68.0445,107.56,6,0,11.48,PK,1620801437
549,oktyabrskoye,43.0645,44.7417,51.8,71,0,8.95,RU,1620801437
550,albanel,48.8832,-72.4487,46.4,53,63,5.75,CA,1620801438
551,lima,-12.0432,-77.0282,62.6,82,0,5.75,PE,1620801179
552,bom jardim,-7.7958,-35.5872,67.69,96,91,3.78,BR,1620801438
553,coihaique,-45.5752,-72.0662,53.6,71,98,5.75,CL,1620801438
554,peniche,39.3558,-9.3811,60.01,85,4,8.99,PT,1620801439
555,kieta,-6.2167,155.6333,81.57,78,31,3.24,PG,1620801439
556,lhokseumawe,5.1801,97.1507,86.36,68,100,8.68,ID,1620801440
557,velez-malaga,36.7726,-4.1005,66.0,40,2,5.23,ES,1620801440
558,tayu,-6.5397,111.0518,87.55,65,59,11.1,ID,1620801441
559,middelburg,-25.7751,29.4648,62.02,25,0,4.47,ZA,1620801441
560,locri,38.2414,16.2623,68.0,64,40,13.8,IT,1620801441
561,batesville,35.7698,-91.641,55.4,82,90,6.91,US,1620801163
562,jalu,29.0331,21.5482,83.98,12,0,9.35,LY,1620801442
563,san pablo,14.0669,121.3258,93.99,70,50,3.0,PH,1620801442
564,salisbury,51.0693,-1.7957,52.0,100,20,6.91,GB,1620801422
565,itaporanga,-7.3044,-38.1503,70.05,85,23,7.29,BR,1620801443
